id,gisX,gisY,gisLocation,Clinicname,mapLocation,counties
10a48225-b0ce-4094-b74f-baabf14dc6b9,250467,4860196,"372 Pleasant St, Yarmouth, Town of Yarmouth, Yarmouth County","Yarmouth (NSCC Burridge) -- COVID-19 Community Clinic","372 Pleasant Street, Yarmouth, NS B5A 2L2",Yarmouth
6e7d29d9-356e-4d59-ab5e-0a0cc6eda43a,406767,5073901,"142 South Albion St, Amherst, Town of Amherst, Cumberland County","Amherst -- COVID-19 Community Clinic","142 South Albon Street, Amherst, NS B4H 4H4",Cumberland
2b4dd766-faf9-4b46-a148-4588da524e1f,407506,5075083,"158 200 Robert Angus Dr, Amherst, Town of Amherst, Cumberland County","Amherst Medical Associates - Pfizer","158 Robert Angus Dr Suite 200, 300, Amherst, NS B4H 4R7",Cumberland
aa7bef30-e149-4c88-9b99-90e339c11c27,407506,5075083,"158 Robert Angus Dr, Amherst, Town of Amherst, Cumberland County","Amherst - Amherst Pharmasave - Pfizer","158 Robert Angus Dr, Amherst, NS B4H 4R7",Cumberland
d0e5186c-f32f-4576-acad-28f78ba17e26,405719,5076149,"2 Lawrence St, Amherst, Town of Amherst, Cumberland County","Amherst - Lawtons Drugs 2562 - Pfizer","2 Lawrence St #101, Amherst, NS B4H 3G5",Cumberland
e6e2c539-887f-48d4-923d-183e03377879,406607,5074304,"126 1 South Albion St, Amherst, Town of Amherst, Cumberland County","Amherst - Loblaw Pharmacy 312 - Pfizer","126 S Albion St, Amherst, NS B4H 2X3",Cumberland
b9c12d72-990d-4f78-97c1-9099b3a95384,406606,5073908,"140 A South Albion St, Amherst, Town of Amherst, Cumberland County","Amherst - Sobeys Pharmacy 729 (By Maritime Travel) - Pfizer","140 S Albion St, Amherst, NS B4H 4H4",Cumberland
39ff88d4-cb95-4858-a485-36a1e6c2954d,406847,5074364,"46 Robert Angus Dr, Amherst, Town of Amherst, Cumberland County","Amherst - Walmart Pharmacy 5789 - Pfizer","46 Robert Angus Dr, Amherst, NS B4H 4R7",Cumberland
082333dd-4c6a-48c6-92a9-b7afcfeed2c3,300622,4957484,"310 St George St, Annapolis Royal, Town of Annapolis Royal, Annapolis County","Annapolis Royal - Hutchins Guardian Pharmacy - Pfizer","310 St George St, Annapolis Royal, NS B0S 1A0",Annapolis
5286eace-5d8f-4b2a-b7df-56dfece34e4a,578740,5052634,"220 205 Main St, Antigonish, Town of Antigonish, Antigonish County","Antigonish - Hines PharmaChoice - Pfizer","220 Main St, Antigonish, NS B2G 2C2",Antigonish
e6a66823-1c3a-4025-805c-204a83a37e77,579283,5052037,"133 Church St, Antigonish, Town of Antigonish, Antigonish County","Antigonish - Lawtons Drugs 111 - Pfizer","133 Church St, Antigonish, NS B2G 2E3",Antigonish
9e7e66bf-1e53-4017-b583-a5be79da5503,617480,5027334,"133 Church St, Guysborough, Municipality of the District of Guysborough, Guysborough County","Antigonish - Lawtons Drugs 111 - Moderna","133 Church St, Antigonish, NS B2G 2E3",Guysborough
b779f2a2-4377-4650-a194-a9d0d74a1406,576743,5051081,"26 Market St, Post Road, Municipality of the County of Antigonish, Antigonish County","Antigonish - Loblaw Pharmacy 309 - Pfizer","26 Market St, Antigonish, NS B2G 3B4",Antigonish
ee91bf3e-bdf3-4dd8-8780-cd48b6d0843d,578709,5052568,"243 1 Main St, Antigonish, Town of Antigonish, Antigonish County","Antigonish - MacKinnons Pharmasave - Pfizer","243 Main St, Antigonish, NS B2G 2C1",Antigonish
fae72adc-99cd-4f23-b900-ee8bc3f6e655,578572,5052562,"283 1 Main St, Antigonish, Town of Antigonish, Antigonish County","Antigonish - Shoppers Drug Mart 143 - Pfizer","303 Main St, Antigonish, NS B2G 2C3",Antigonish
e0a1b525-cae6-4ce7-a11b-ebff48bd90c5,578549,5052621,"294 Main St, Antigonish, Town of Antigonish, Antigonish County","Antigonish - Shoppers Drug Mart 143 - Moderna","303 Main St, Antigonish, NS B2G 2C3",Antigonish
1abc4c13-ebdc-4587-b91e-ff54cdc31459,578462,5052014,"5555 Union Pl, Antigonish, Town of Antigonish, Antigonish County","Antigonish (St Francis Xavier) -- COVID-19 Community Clinic","Bloomfield Centre, St Francis Xavier University, 5555 Union Pl, Antigonish, NS",Antigonish
517c122b-1f27-40ba-9989-18da2286055c,576847,5051021,"50 Market St, Post Road, Municipality of the County of Antigonish, Antigonish County","Antigonish - Walmart Pharmacy 1014 - Pfizer","50 Market St, Antigonish, NS B2G 3B4",Antigonish
cf046dd7-aed6-4a81-9cc9-70fcd639ba52,654215,5041661,"2373 Route 206, Arichat, Municipality of the County of Richmond, Richmond County","Arichat - Island Guardian Pharmacy (New Horizons Seniors Club) - Pfizer","2373 NS-206, Arichat, NS B0E 1A0",Richmond
6a88e3d9-49fd-462f-b6dc-6415058f74e3,355392,4987694,"2710 Highway 1, Aylesford, Municipality of the County of Kings, Kings County","Aylesford - Chisholms PharmaChoice - Pfizer","2710 Hwy 1, Aylesford, NS B0P 1C0",Kings
b2c9f34d-14f0-470e-988f-ccd65ffff8ec,355392,4987694,"2710 Trunk 1, Aylesford, Municipality of the County of Kings, Kings County","Aylesford - Chisholms PharmaChoice - Moderna","2710 Hwy 1, Aylesford, NS B0P 1C0",Kings
0f5e2f23-a149-49f6-b656-d699f901c509,673773,5107766,"39 Grant St, Baddeck, Municipality of the County of Victoria, Victoria County","Baddeck - Stones Pharmasave (Knox Presbyterian Hall) - Pfizer","39 Grant St. Baddeck, N.S. B0E1B0",Victoria
42ec5004-f9a7-4aec-a828-c7a6a2d7a2eb,673778,5107655,"2 Queen St, Baddeck, Municipality of the County of Victoria, Victoria County","Baddeck - Stones Pharmasave - Pfizer","2 Queen St, Baddeck, NS B0E 1B0",Victoria
82c2b857-86f1-4b81-a4ad-8ecfc226cae3,288657,4821952,"3695 Highway 3, Barrington Passage, Municipality of the District of Barrington, Shelburne County","Barrington Passage - Loblaw Pharmacy 6807 - Pfizer","3695 Nova Scotia Trunk 3, Barrington Passage, NS B0W 1G0",Shelburne
c8f5d755-129f-4735-87e9-ddd08f356c00,289008,4822637,"3552 Highway 3, Barrington Passage, Municipality of the District of Barrington, Shelburne County","Barrington Passage - Sobeys Pharmacy 323 - Pfizer","3552 Nova Scotia Trunk 3, Barrington Passage, NS B0W 1G0",Shelburne
e89100ee-bc0c-402c-a8d1-80536cb271bd,440800,5028726,"6044 2 Trunk 2, Bass River, Municipality of the County of Colchester, Colchester County","Bass River - Bayside Guardian Pharmacy - Pfizer","6044 Nova Scotia Trunk 2, Bass River, NS B0M 1B0",Colchester
f5131cef-00ff-4233-810f-fe828df4e085,445592,4960886,"309 Beaver Bank Rd, Beaver Bank, Halifax Regional Municipality, Halifax County","Beaver Bank - Beaver Bank Guardian Pharmacy -  Moderna","309 Beaver Bank Rd, Beaver Bank, NS B4E 1K1",Halifax
b58084cc-4e39-4a3f-8cd8-bfe6b7436e71,446203,4950002,"535 Larry Uteck Blvd, Halifax, Halifax Regional Municipality, Halifax County","Bedford - Bedford Guardian Pharmacy - Pfizer","535 Larry Uteck Blvd, Halifax, NS B3M 0E3",Halifax
a47755e5-af1d-4d2c-a5b5-52accdc6446c,443827,4950722,"6 Bloom Lane, Bedford, Halifax Regional Municipality, Halifax County","Bedford - Brookline Pharmasave - Moderna","6 Bloom Lane, Bedford, NS B4B 1H6",Halifax
264d1b16-526a-4107-97bd-f50f4e81af03,445429,4949720,"27 Peakview Way, Halifax, Halifax Regional Municipality, Halifax County","Bedford - Lawtons Drugs 2568 (Peakview Way) - Pfizer","27 Peakview Way, Halifax, NS B3M 0G2",Halifax
c0997aa6-cae9-4e94-b4db-a5903a508bdf,446335,4951626,"965 Bedford Hwy, Bedford, Halifax Regional Municipality, Halifax County","Bedford - Lawtons Drugs 845 (Mill Cove Plaza) - Pfizer","Mill Cove Plaza, 965 Bedford Hwy, Bedford, NS B4A 1A9",Halifax
96fd5fb7-2e08-4dbf-baea-de278c743c3d,446348,4951627,"967 Bedford Hwy, Bedford, Halifax Regional Municipality, Halifax County","Bedford - Lawtons Drugs 845 (Mill Cove Plaza) - Moderna","967 Bedford Hwy, Bedford, NS B4A 1B6",Halifax
a5914799-8191-4950-bc13-1c57802fdde6,447934,4953654,"1650 Bedford Hwy, Bedford, Halifax Regional Municipality, Halifax County","Bedford - Loblaw Pharmacy 378 (Bedford Highway) - Pfizer","1650 Bedford Hwy, Bedford, NS B4A 4J7",Halifax
802b2a77-1d79-4fd9-a479-fe5d7078587c,448195,4953511,"1595 Bedford Hwy, Bedford, Halifax Regional Municipality, Halifax County","Bedford - Shoppers Drug Mart 125 (Sunnyside Mall) - Pfizer","1595 Bedford Hwy, Bedford, NS B4A 3Y4",Halifax
b999e9a5-e78d-42ab-b043-8bc917cf3a67,445558,4949983,"20 Dellridge Lane, Bedford, Halifax Regional Municipality, Halifax County","Bedford - Shoppers Drug Mart 2023 (Dellridge Lane) - Pfizer","20 Dellridge Ln, Bedford, NS B4A 0H1",Halifax
8cdedff6-5fd8-4c2d-887f-a1a411770f6a,446236,4951610,"950 Bedford Hwy, Bedford, Halifax Regional Municipality, Halifax County","Bedford - Shoppers Drug Mart 584 (Bedford Highway) - Pfizer","950 Bedford Hwy, Bedford, NS B4A 4B5",Halifax
88843334-d9ed-459e-b198-ef07ad0bc3cb,446505,4951515,"955 Bedford Hwy, Bedford, Halifax Regional Municipality, Halifax County","Bedford - Sobeys Pharmacy 580 (Mill Cove Plaza) - Pfizer","955 Bedford Hwy, Bedford, NS B4A 1A9",Halifax
793af975-8a1e-4c35-9bf8-c9996ddbca7b,445553,4949598,"55 Peakview Way, Halifax, Halifax Regional Municipality, Halifax County","Bedford - Sobeys Pharmacy 725 (Peakview Way) - Pfizer","55 Peakview Way, Halifax, NS B3M 0G2",Halifax
4302fef0-021d-4420-b8d0-1d30ba7d0a2c,449070,4955701,"141 Damascus Rd, Bedford, Halifax Regional Municipality, Halifax County","Bedford - Walmart Pharmacy 3081 (Damascus Road) - Pfizer","141 Damascus Rd, Bedford, NS B4A 0C2",Halifax
4ed4db65-071c-427e-b849-f174c926623b,363411,4989127,"182 Commercial St, Berwick, Town of Berwick, Kings County","Berwick - Larrys Pharmacy - Pfizer","182 Commercial St, Berwick, NS B0P 1E0",Kings
3a1723bc-5329-4c7f-8e4e-cc35354d166e,363270,4989338,"213 Commercial St, Berwick, Town of Berwick, Kings County","Berwick - Wilsons Pharmasave 521 - Pfizer","213 Commercial St, Berwick, NS B0P 1E0",Kings
7b01d9b3-7896-425f-87ad-4c8eac6d1fa7,481066,5025341,"275 Pictou Rd, Bible Hill, Municipality of the County of Colchester, Colchester County","Bible Hill - Village Family PharmaChoice - Pfizer","275B Pictou Rd, Truro, NS B2N 2S7",Colchester
cefcb291-e9ec-4c07-b3b7-31656a189424,318475,4968160,"31 Bay Rd, Bridgetown, Municipality of the County of Annapolis, Annapolis County","Bridgetown - Bridgetown Pharmasave (Bridgetown Fire Hall) - Pfizer","31 Bay Rd, Bridgetown, NS B0S 1C0",Annapolis
9235327e-5554-4da0-9556-95e529347827,329532,4972165,"491 Main St, Lawrencetown, Municipality of the County of Annapolis, Annapolis County","Bridgetown - Bridgetown Pharmasave (Lawrencetown Community Health Centre) - Pfizer","491 Main Street, Lawrencetown, NS B0S 1M0",Annapolis
193c4cbb-21e6-4060-b865-3a7f372f8218,378162,4914194,"75 High St, Bridgewater, Town of Bridgewater, Lunenburg County","Bridgewater (NSCC - Lunenburg Campus) -- COVID-19 Clinic","75 High St, Bridgewater, NS B4V 1V8",Lunenburg
d46eef33-558e-4167-adce-28dfdc575a5d,380441,4914638,"564 Glen Allan Dr, Bridgewater, Town of Bridgewater, Lunenburg County","Bridgewater - Bridgewater Guardian Pharmacy (Bridgewater Baptist Church) - Pfizer","564 Glen Allan Dr, Bridgewater, NS B4V 4A4",Lunenburg
74555f19-7aa5-4e50-b3b7-b2b9b06a93e7,379405,4915610,"42 Glen Allan Dr, Bridgewater, Town of Bridgewater, Lunenburg County","Bridgewater - Bridgewater Guardian Pharmacy - Pfizer","42 Glen Allan Dr #103, Bridgewater, NS B4V 3N2",Lunenburg
22802f2e-f18e-4d09-9d15-20c09615f48d,378347,4914097,"215 125 Dominion St, Bridgewater, Town of Bridgewater, Lunenburg County","Bridgewater - Bridgewater Pharmasave - Pfizer","215 Dominion St, Bridgewater, NS B4V 2K7",Lunenburg
67233401-d3ac-4436-b993-7c45070e8ccb,378451,4914191,"215 101 Dominion St, Bridgewater, Town of Bridgewater, Lunenburg County","Bridgewater - Bridgewater Pharmasave - Moderna","215 Dominion St, Bridgewater, NS B4V 2K7",Lunenburg
c28a06db-1226-4b5f-adb0-f93fadaf575f,379296,4915824,"26 North St, Bridgewater, Town of Bridgewater, Lunenburg County","Bridgewater - Lawtons Drugs 2565 - Pfizer","26 North St, Bridgewater, NS B4V 2V6",Lunenburg
eb8be3c2-a75a-4be6-ab2d-f1fb257cd1d6,379037,4915336,"21 Davison Dr, Bridgewater, Town of Bridgewater, Lunenburg County","Bridgewater - Loblaw Pharmacy 337 - Pfizer","21 Davison Dr, Bridgewater, NS B4V 3K8",Lunenburg
a02ce223-f360-4d3c-9c56-bdfc9fc7792a,379260,4914889,"421 LaHave St, Bridgewater, Town of Bridgewater, Lunenburg County","Bridgewater - Shoppers Drug Mart 139 - Pfizer","421 Lahave St, Bridgewater, NS B4V 3A2",Lunenburg
cd8ee9a5-6bed-48fb-8464-35ed780f59c8,377912,4917590,"60 Pine Grove Rd, Cookville, Municipality of the District of Lunenburg, Lunenburg County","Bridgewater - Walmart Pharmacy 1003 - Pfizer","60 Pine Grove Rd, Bridgewater, NS B4V 4H2",Lunenburg
a79d5134-f44c-4ca9-a5c8-9737b36bb39b,338469,4915606,"9793 Trunk 8, Caledonia, Region of Queens Municipality, Queens County","Caledonia - Caledonia PharmaChoice (North Queens Fire Department) - Pfizer","9793 Nova Scotia Trunk 8, Caledonia, NS B0T 1B0",Queens
ff42ce3d-e6bf-4c49-8feb-16bcb17c62de,657096,5022255,"20 2 Telegraph St, Canso, Municipality of the District of Guysborough, Guysborough County","Canso - Canso PharmaChoice 1141 - Pfizer","20 Telegraph St, Canso, NS B0H 1H0",Guysborough
4872a826-bca4-4cef-98c5-997eb1d58cb9,402059,4933335,"3785 Trunk 3, Chester, Municipality of the District of Chester, Lunenburg County","Chester - Chester Pharmasave (OHC Community Health Centre) - Pfizer","3785 Nova Scotia Trunk 3, Chester, NS B0J 1J0",Lunenburg
c3ea1826-dce3-448e-8780-afefd37626e9,402059,4933335,"3785 Highway 3, Chester, Municipality of the District of Chester, Lunenburg County","Chester - Chester Pharmasave - Moderna","3785 Highway 3 Chester NS B0J 1J0				",Lunenburg
984db8a8-8bd7-428c-b70d-bebb24ece240,651981,5165332,"15108 Cabot Trail, ChÅ½ticamp, Municipality of the County of Inverness, Inverness County","Cheticamp - Cheticamp Pharmacy (La Salle des Retraites) - Moderna","15108 Main St, Cheticamp, NS B0E 1H0",Inverness
c3c4e5ed-2c7f-4288-af65-1ecca316a771,652437,5166496,"15388 Cabot Trail, ChÅ½ticamp, Municipality of the County of Inverness, Inverness County","Cheticamp - Cheticamp Pharmacy - Pfizer","15388 Cabot Trail Rd, Cheticamp, NS B0E 1H0",Inverness
73346373-c5af-42b3-b809-e02034b067fa,374077,4991058,"6637 2 No 1 Hwy, Coldbrook, Municipality of the County of Kings, Kings County","Coldbrook - Maders PharmaChoice - Pfizer","6637 Nova Scotia Trunk 1, Coldbrook, NS B4R 1B7",Kings
d22ffa67-0b64-49bf-bd67-35301c818695,374077,4991058,"6637 1 Highway 1, Coldbrook, Municipality of the County of Kings, Kings County","Coldbrook - Maders PharmaChoice - Moderna","6637 Nova Scotia Trunk 1, Coldbrook, NS B4R 1B7",Kings
b4428656-70d7-4937-b82f-5395b6a71ed6,455112,4950370,"137 Countryview Dr, Dartmouth, Halifax Regional Municipality, Halifax County","Dartmouth - Costco Pharmacy 551 - Pfizer","137 Countryview Dr, Dartmouth, NS B3B 0E7",Halifax
d3c1fdbd-23f6-4208-8ac9-009c34dc1dcf,456809,4949397,"39 Micmac Dr, Dartmouth, Halifax Regional Municipality, Halifax County","Dartmouth -- COVID-19 Community Clinic","39 MicMac Blvd  Dartmouth NS B3A 4Y8",Halifax
3619c768-c57e-4fc1-800b-9b76d9f790f6,456854,4944135,"375 Pleasant St, Dartmouth, Halifax Regional Municipality, Halifax County","Dartmouth - Dartmouth Gate Guardian Pharmacy - Pfizer","375 Pleasant St Unit 104, Dartmouth, NS B2Y 4N4",Halifax
edfdf3b9-659b-4304-b703-a657bf9a2717,456516,4946087,"382 Portland St, Dartmouth, Halifax Regional Municipality, Halifax County","Dartmouth - Family Drug Centre PharmaChoice 127 - Pfizer","382 Portland St, Dartmouth NS B2Y 1K8",Halifax
2f2271fd-adeb-4f10-acc7-7ca71b2dfdfb,453175,4948478,"68 Highfield Park Dr, Dartmouth, Halifax Regional Municipality, Halifax County","Dartmouth - Highfield Park PharmaChoice - Pfizer","68 Highfield Park Dr, Dartmouth, NS B3A 4X1",Halifax
5ca37232-c59f-4daf-a361-8e8b3de0d144,460409,4946599,"915 Cole Harbour Rd, Cole Harbour, Halifax Regional Municipality, Halifax County","Dartmouth - Kytes PharmaChoice (Forest Hills Fellowship Baptist Church) - Pfizer","915 Cole Harbour Rd, Dartmouth, NS B2V 1E5",Halifax
bcf689b4-9996-483f-932d-ac7788dd317a,455064,4945894,"46 Portland St, Dartmouth, Halifax Regional Municipality, Halifax County","Dartmouth - Lawtons Drugs 104 (Portland Street) - Pfizer","46 Portland St, Dartmouth, NS B2Y 1H4",Halifax
9fc91072-7471-4d79-8dd1-9c2cd5ed6c44,453576,4947744,"6 Primrose St, Dartmouth, Halifax Regional Municipality, Halifax County","Dartmouth - Lawtons Drugs 123 (Primrose Street) - Pfizer","6 Primrose St, Dartmouth, NS B3A 4C5",Halifax
8deaec37-8fb7-4716-a64c-8dfdb2faef54,460708,4946514,"950 Cole Harbour Rd, Cole Harbour, Halifax Regional Municipality, Halifax County","Dartmouth - Lawtons Drugs 124 (Cole Harbour Road) - Pfizer","950 Cole Harbour Rd, Dartmouth, NS B2V 1E6",Halifax
5772683a-49c0-438f-8cd1-e1b349b31343,458014,4944948,"240 Baker Dr, Dartmouth, Halifax Regional Municipality, Halifax County","Dartmouth - Lawtons Drugs 2749 (Baker Drive) - Pfizer","240 Baker Dr, Dartmouth, NS B2W 6L4",Halifax
547b9295-99c8-4f87-945a-8853e2e0e1da,456991,4947640,"90 Main St, Dartmouth, Halifax Regional Municipality, Halifax County","Dartmouth - Lawtons Drugs 884 (Westphal) - Pfizer","90 Main St, Dartmouth, NS B2X 1R5",Halifax
b8c76980-6376-45f6-a025-5858cf96bcf0,458588,4946417,"650 Portland St, Dartmouth, Halifax Regional Municipality, Halifax County","Dartmouth - Loblaw Pharmacy 352 (Portland Street) - Pfizer","650 Portland St, Dartmouth, NS B2W 6A3",Halifax
c643fed5-dac8-4da5-9646-403d6ec4a230,456498,4947655,"9 Braemar Dr, Dartmouth, Halifax Regional Municipality, Halifax County","Dartmouth - Loblaw Pharmacy 380 (Braemar Drive) - Pfizer","9 Braemar Dr, Dartmouth, NS B2Y 3H6",Halifax
72690f4a-5997-4d7f-9213-ad8bdf80d8dc,460532,4946452,"920 Cole Harbour Rd, Cole Harbour, Halifax Regional Municipality, Halifax County","Dartmouth - Loblaw Pharmacy 384 (Cole Harbour Road) - Pfizer","920 Cole Harbour Rd, Dartmouth, NS B2V 2J5",Halifax
37885526-4d4e-46c2-bd91-d510d369f237,456290,4945128,"230 Pleasant St, Dartmouth, Halifax Regional Municipality, Halifax County","Dartmouth - Mackays PharmaChoice (North Woodside Community Centre) - Pfizer","230 Pleasant St, Dartmouth, NS B2Y 3R8",Halifax
b2d39ae2-0f5c-4824-8be8-cd2e4e4538b6,456824,4945936,"60 Hastings Dr, Dartmouth, Halifax Regional Municipality, Halifax County","Dartmouth - Mackays PharmaChoice (South End Baptist Church) - Pfizer","60 Hastings Dr, Dartmouth, NS B2Y 2C6",Halifax
cc309c8d-edcd-4f7b-a084-e9fb8fa08879,455363,4946223,"183 Portland St, Dartmouth, Halifax Regional Municipality, Halifax County","Dartmouth - Moffatts PharmaChoice (St James United Hall) - Pfizer","183 Portland St, Dartmouth, NS B2Y 1J5",Halifax
994c5ef4-0ae5-4487-a660-9127a443b429,460955,4946738,"4 Forest Hills Pky, Cole Harbour, Halifax Regional Municipality, Halifax County","Dartmouth - Shoppers Drug Mart 127 (Forest Hills Parkway) - Pfizer","4 Forest Hills Pkwy, Dartmouth, NS B2W 5G7",Halifax
69d18a96-6819-412b-845a-be905513d8d6,457491,4947496,"80 Tacoma Dr, Dartmouth, Halifax Regional Municipality, Halifax County","Dartmouth - Shoppers Drug Mart 128 (Tacoma Drive) - Pfizer","80 Tacoma Dr, Dartmouth, NS B2W 3E5",Halifax
899fed04-65d3-40fc-9257-f9961322dacd,455661,4948283,"21 Micmac Blvd, Dartmouth, Halifax Regional Municipality, Halifax County","Dartmouth - Shoppers Drug Mart 129 (Mic Mac Mall) - Pfizer","21 Micmac Blvd, Dartmouth, NS B3A 4K6",Halifax
1033ffdc-6af8-46e5-a707-20bcd9fa0069,458433,4946582,"660 Portland St, Dartmouth, Halifax Regional Municipality, Halifax County","Dartmouth - Shoppers Drug Mart 2014 (Portland Street) - Pfizer","660 Portland St, Dartmouth, NS B2W 2M8",Halifax
7516ee5b-75b4-4d90-b2c2-3c47a1e44bed,460620,4949032,"612 Highway 7, Westphal, Halifax Regional Municipality, Halifax County","Dartmouth - Sobeys Pharmacy 622 (Highway 7) - Pfizer","612 Main St, Dartmouth, NS B2W 5M5",Halifax
58e15dde-1612-4bb1-9b79-b6893c876739,457899,4944778,"268 Baker Dr, Dartmouth, Halifax Regional Municipality, Halifax County","Dartmouth - Sobeys Pharmacy 758 (Baker Drive) - Pfizer","268 Baker Dr, Dartmouth, NS B2W 6L4",Halifax
5ece2fee-6143-4787-b7c9-0f7403903ec3,457377,4947464,"60 Tacoma Dr, Dartmouth, Halifax Regional Municipality, Halifax County","Dartmouth - Sobeys Pharmacy 772 (Tacoma Drive) - Pfizer","60 Tacoma Dr, Dartmouth, NS B2W 3E5",Halifax
85f71907-3078-4c9e-b89e-ceeb5f1595fc,457197,4946696,"551 Portland St, Dartmouth, Halifax Regional Municipality, Halifax County","Dartmouth - Sobeys Pharmacy 776 (Portland Street) - Pfizer","551 Portland St, Dartmouth, NS B2Y 4B1",Halifax
a90ebcdc-c4a1-4fc5-9883-e04755736f4d,453782,4946939,"210 Wyse Rd, Dartmouth, Halifax Regional Municipality, Halifax County","Dartmouth - Sobeys Pharmacy 806 (Wyse Road) - Pfizer","210 Wyse Rd, Dartmouth, NS B3A 1M9",Halifax
e9d84244-7436-46f8-b2c8-083e4fe05b05,458038,4945564,"133 Baker Dr, Dartmouth, Halifax Regional Municipality, Halifax County","Dartmouth - The Medicine Shoppe Pharmacy 287 (Baker Drive) - Pfizer","133 Baker Dr Suite 105, Dartmouth, NS B2W 0M6",Halifax
5114fa0c-53db-4904-bb1a-65580a6f65aa,456380,4945088,"245 Pleasant St, Dartmouth, Halifax Regional Municipality, Halifax County","Dartmouth - Tiny Oak Pharmacy - Pfizer","245 Pleasant St, Dartmouth, NS B2Y 3R9",Halifax
021a4a6b-40d4-4b03-8cdb-5ebf03c4ceb2,460293,4946442,"900 Cole Harbour Rd, Cole Harbour, Halifax Regional Municipality, Halifax County","Dartmouth - Walmart Pharmacy 1176 (Cole Harbour Road) - Pfizer","900 Cole Harbour Rd, Dartmouth, NS B2V 2J5",Halifax
c8d9add0-844d-4460-b296-420af8af1580,454890,4949531,"90 Lamont Terr, Dartmouth, Halifax Regional Municipality, Halifax County","Dartmouth - Walmart Pharmacy 3021 (Lamont Terrace) - Pfizer","90 Lamont Terrace, Dartmouth, NS B3B 0B5",Halifax
aec4bee3-8220-4767-a55e-0ef0f19a9614,456571,4949564,"249 Waverley Rd, Dartmouth, Halifax Regional Municipality, Halifax County","Dartmouth - Waverley Road PharmaChoice - Pfizer","249 Waverley Rd #5, Dartmouth, NS B2X 2C5",Halifax
37aea57b-9245-40ea-904f-fcb8095c5796,457485,4947642,"85 Tacoma Dr, Dartmouth, Halifax Regional Municipality, Halifax County","Dartmouth - Westphal PharmaChoice - Pfizer","85 Tacoma Dr, Dartmouth, NS B2W 3E6",Halifax
51830690-4c4a-44e0-b42f-5fd9f5c0cc25,280755,4944194,"84 Warwick St, Digby, Town of Digby, Digby County","Digby - Balsers PharmaChoice - Pfizer","83 Warwick St, Digby, NS B0V 1A0",Digby
0b019720-f76b-4af0-a12b-8d521158c84b,280890,4944064,"75 Warwick St, Digby, Town of Digby, Digby County","Digby - Balsers PharmaChoice - Moderna","83 Warwick St, Digby, NS B0V 1A0",Digby
24017ff0-9823-45a6-9126-49ff0285cee1,279984,4942276,"490 Route 303, Conway, Municipality of the District of Digby, Digby County","Digby - Loblaw Pharmacy 339 - Pfizer","490 NS-303, Digby, NS B0V 1A0",Digby
a48c1c2d-2fb0-4f88-a763-9736f94188d4,280680,4944057,"94 Warwick St, Digby, Town of Digby, Digby County","Digby - Shoppers Drug Mart 154 - Pfizer","Evangeline Mall, 95 Warwick St, Digby, NS B0V 1A0",Digby
2b21db37-b18e-4e0d-be76-1d0dcc17cf2d,280491,4944084,"110 Warwick St, Digby, Town of Digby, Digby County","Digby - Shoppers Drug Mart 154 - Moderna","95 Warwick St, Digby, NS B0V 1A0",Digby
daaf0cff-3df1-4d77-9c45-034ad42ca13a,279881,4942247,"492 Highway 303, Conway, Municipality of the District of Digby, Digby County","Digby - Walmart Pharmacy 1017 - Pfizer","492 NS-303, Digby, NS B0V 1A0",Digby
d2064d3d-d205-4ab0-97be-c0ad34b27788,461471,4940180,"65 Hornes Rd, Eastern Passage, Halifax Regional Municipality, Halifax County","Eastern Passage - Passage PharmaChoice (Eastern Passage Lions Club) - Pfizer","65 Hornes Rd, Eastern Passage, NS B3G 1A4",Halifax
da70fa47-14d8-4814-be2a-2974a30e4a16,,,"106 Elmsdale Road, Elmsdale, Nova Scotia, Halifax County","Elmsdale - Elmsdale Medical Centre","106 Elmsdale Road, Elmsdale, Nova Scotia, Halifax County",Halifax
fbc58901-5066-468b-92e7-093a5dadb3b5,460172,4980526,"269 135 Highway 214, Elmsdale, Municipality of the District of East Hants, Hants County","Elmsdale - Elmsdale Guardian Pharmacy - Pfizer","269 NS-214, Elmsdale, NS B2S 1K1",Hants
060a6cc3-402f-4409-8170-99e6616cd122,459894,4981048,"295 1 Highway 214, Elmsdale, Municipality of the District of East Hants, Hants County","Elmsdale - Loblaw Pharmacy 375 - Pfizer","295 NS-214, Elmsdale, NS B2S 2L1				",Hants
e8128878-b487-4da0-9639-57ea9830493b,457746,4976941,"284 Highway 2, Enfield, Municipality of the District of East Hants, Hants County","Enfield - Enfield PharmaChoice - Pfizer","284 Nova Scotia Trunk 2, Enfield, NS B2T 1C9",Hants
d21ef1fa-8196-4b96-a2e6-39b25bf00418,685364,5090597,"4531 Eskasoni Rd, Eskasoni 3, Cape Breton Regional Municipality, Cape Breton County","Eskasoni - Eskasoni PharmaChoice (Eskasoni Health Centre) - Pfizer","4531 Shore Rd, Eskasoni, NS B1W 1B7","Cape Breton"
62a7db6d-5ffa-4d4a-a4d7-7cc5e777cdac,451744,4962781,"3260 Trunk 2, Fall River, Halifax Regional Municipality, Halifax County","Fall River - Shoppers Drug Mart 2021 - Pfizer","3260 Nova Scotia Trunk 2, Fall River, NS B2T 1J5",Halifax
b17efae1-aa3e-4366-a3f9-3eb225c2da6b,451744,4962781,"3260 Highway 2, Fall River, Halifax Regional Municipality, Halifax County","Fall River - Shoppers Drug Mart 2021 - Moderna","3260 Nova Scotia Trunk 2, Fall River, NS B2T 1J5",Halifax
9d5b2610-bbc9-49aa-9d32-9d4463043436,451749,4962956,"3290 Trunk 2, Fall River, Halifax Regional Municipality, Halifax County","Fall River - Sobeys Pharmacy 739 - Pfizer","3290 Nova Scotia Trunk 2, Fall River, NS B2T 1J5",Halifax
2a8ad205-f98f-4462-9aca-79cacf1bf805,734813,5121227,"35 Sterling Rd, Glace Bay, Cape Breton Regional Municipality, Cape Breton County","Glace Bay - Black Diamond Pharmacy (Fergusons PharmaChoice) - Pfizer","35 Sterling Rd, Glace Bay, NS B1A 3X6","Cape Breton"
ac0415d3-e7cf-4cd2-8d03-acc8e5d35e68,734527,5120064,"121 Union St, Glace Bay, Cape Breton Regional Municipality, Cape Breton County","Glace Bay - Black Diamond Pharmacy - Pfizer","121 Union Street Glace Bay, NS B1A 2P8","Cape Breton"
c942a9e7-505f-4ba9-86b4-f9525a4465a7,734619,5120949,"3 Sterling Rd, Glace Bay, Cape Breton Regional Municipality, Cape Breton County","Glace Bay - Glace Bay Guardian Pharmacy - Pfizer","3 Sterling Rd, Glace Bay, NS B1A 3X2","Cape Breton"
6366cbb3-f7ed-40f5-b626-b58d3d88b8e5,734908,5120074,"290 Commercial St, Glace Bay, Cape Breton Regional Municipality, Cape Breton County","Glace Bay - Lawtons Drugs 136 - Pfizer","290 Commercial St, Glace Bay, NS B1A 3C6","Cape Breton"
ecbc7497-b7d1-43d5-8e2b-0d7f46eeb0c8,733208,5119694,"155 Reserve St, Glace Bay, Cape Breton Regional Municipality, Cape Breton County","Glace Bay - Loblaw Pharmacy 385 - Pfizer","155 Reserve St, Glace Bay, NS B1A 5V1","Cape Breton"
e6b8e757-de02-43b9-9d52-4b66b4ae79ff,734928,5120197,"255 Commercial St, Glace Bay, Cape Breton Regional Municipality, Cape Breton County","Glace Bay - Shoppers Drug Mart 132 - Pfizer","255 Commercial St, Glace Bay, NS B1A 3C3","Cape Breton"
60e73fd0-ad03-499b-8722-1b86aec496c2,733334,5119889,"144 Reserve St, Glace Bay, Cape Breton Regional Municipality, Cape Breton County","Glace Bay - Sobeys Pharmacy 328 - Pfizer","144 Reserve St, Glace Bay, NS B1A 4W5","Cape Breton"
1a772772-fccb-4c11-a2cd-f45dd4be5de2,347176,4981494,"1124 Bridge St, Greenwood, Municipality of the County of Kings, Kings County","Greenwood - Shoppers Drug Mart 582 - Pfizer","1124 Bridge St, Greenwood, NS B0P 1N0",Kings
53f9ec09-eb6d-418f-b584-600feea12bb2,347125,4981185,"720 Central Ave, Greenwood, Municipality of the County of Kings, Kings County","Greenwood - Sobeys Pharmacy 746 - Pfizer","720 Central Ave, Greenwood, NS B0P 1N0",Kings
804274f0-c311-490b-99f3-5ae61a9f0dc0,348422,4981164,"1065 Central Ave, Greenwood, Municipality of the County of Kings, Kings County","Greenwood - Walmart Pharmacy 1177 - Pfizer","1065 Central Ave, Kingston, NS B0P 1R0",Kings
ed8e5665-78ac-4331-ba92-34a0d5daa9cc,617190,5027035,"27 Green St, Guysborough, Municipality of the District of Guysborough, Guysborough County","Guysborough - Guysborough Pharmachoice (Chedabucto Lifestyle Complex) - Moderna","27 Green St. Guysborough NS B0H1N0",Guysborough
11a28899-8093-4fce-9152-f2864e33bf22,617385,5027761,"133 Main St, Guysborough, Municipality of the District of Guysborough, Guysborough County","Guysborough - Guysborough PharmaChoice - Pfizer","133 Main St, Guysborough, NS B0H 1N0",Guysborough
6b2dd468-7542-4843-975b-af8b62d8c8ff,453042,4944751,"2525 Agricola St, Halifax, Halifax Regional Municipality, Halifax County","Halifax - Boyds Pharmasave - Pfizer","2525 Agricola St, Halifax, NS B3K 4C4",Halifax
bbe3533a-45f3-486c-8192-60068dab6209,446757,4945192,"366 Lacewood Dr, Halifax, Halifax Regional Municipality, Halifax County","Halifax - Chaulks Family Pharmasave - Moderna","366 Lacewood Dr, Halifax, NS B3S 1L8",Halifax
a1fa002e-06f5-45e3-a53d-696f90258a86,446436,4945061,"230 Chain Lake Dr, Halifax, Halifax Regional Municipality, Halifax County","Halifax - Costco Pharmacy 519 (Bayers Lake) - Pfizer","230 Chain Lake Dr, Halifax, NS B3S 1C5",Halifax
026461e9-332f-4949-a8be-8402aebe9346,452022,4944944,"6210 Young St, Halifax, Halifax Regional Municipality, Halifax County","Halifax Forum - COVID-19 Clinic","6210 Young Street Halifax NS  B3K 2A6",Halifax
e6530590-dfcd-46b3-a1cd-02e0ccb2271a,453769,4942865,"5850 University Ave, Halifax, Halifax Regional Municipality, Halifax County","Halifax -- IWK COVID-19 Community Clinic","5850 University Avenue, Halifax, NS B3H 1V7",Halifax
7711672a-91f8-4fa4-b750-ef0238519090,450259,4944866,"7071 Bayers Rd, Halifax, Halifax Regional Municipality, Halifax County","Halifax - Lawtons Drugs 112 (Bayers Road) - Pfizer","7071 Bayers Rd, Halifax, NS B3L 2C2",Halifax
14361aa3-fa85-4904-80d7-129e092e3db7,454085,4943417,"5665 Spring Garden Rd, Halifax, Halifax Regional Municipality, Halifax County","Halifax - Lawtons Drugs 114 (Lord Nelson) - Pfizer","5665 Spring Garden Rd, Halifax, NS B3J 1G9",Halifax
a6df6359-9a5c-48bd-9a19-89e98d043ef3,453468,4943251,"5991 Spring Garden Rd, Halifax, Halifax Regional Municipality, Halifax County","Halifax - Lawtons Drugs 132 (Spring Garden Professional) - Pfizer","5991 Spring Garden Rd, Halifax, NS B3H 4R7",Halifax
568950b3-8fb7-48b3-83cd-5895ac5f79fc,454354,4944194,"5201 Duke St, Halifax, Halifax Regional Municipality, Halifax County","Halifax - Lawtons Drugs 144 (Scotia Square) - Pfizer","5201 Duke St, Halifax, NS B3J 1N9",Halifax
ad3a36e0-6d76-4ce5-b89d-ce61ab12b8eb,452602,4944579,"6155 North St, Halifax, Halifax Regional Municipality, Halifax County","Halifax - Lawtons Drugs 163 (Gladstone) - Pfizer","6155 North St, Halifax, NS B3K 5R3",Halifax
42634b08-72aa-42fe-a6d3-886db158e14a,451902,4946204,"5515 Duffus St, Halifax, Halifax Regional Municipality, Halifax County","Halifax - Lawtons Drugs 172 (Duffus Street) - Pfizer","5515 Duffus St, Halifax, NS B3K 2M5",Halifax
0b213f77-152d-41fe-bcfe-cf993b6d240b,450798,4940130,"16 Dentith Rd, Halifax, Halifax Regional Municipality, Halifax County","Halifax - Lawtons Drugs 2750 (Spryfield) - Pfizer","16 Dentith Rd Unit A10, Halifax, NS B3R 2H9",Halifax
ca668d93-db0e-4bbb-ae3e-c48e4603cf2e,450937,4944186,"7001 Mumford Rd, Halifax, Halifax Regional Municipality, Halifax County","Halifax - Lawtons Drugs 2754 (Halifax Shopping Centre) - Pfizer","7001 Mumford Rd, Halifax, NS B3L 2H8",Halifax
89fb02c0-28a3-4368-b5d4-7ef58e244898,451997,4945200,"6141 Young St, Halifax, Halifax Regional Municipality, Halifax County","Halifax - Loblaw Pharmacy 354 (Young Street) - Pfizer","6141 Young St, Halifax, NS B3K 2A5",Halifax
30eb41bc-245b-4534-909c-520fc0beb895,446530,4944710,"210 Chain Lake Dr, Halifax, Halifax Regional Municipality, Halifax County","Halifax - Loblaw Pharmacy 358 (Chain Lake Drive) - Pfizer","210 Chain Lake Dr, Halifax, NS B3S 1C5",Halifax
ef49d41b-630a-4092-b394-ada6cc8d2eac,454867,4942900,"1075 Barrington St, Halifax, Halifax Regional Municipality, Halifax County","Halifax - Loblaw Pharmacy 369 (Barrington Street) - Pfizer","1075 Barrington St S, Halifax, NS B3H 4P1",Halifax
bb551371-8294-4892-9710-9a0a8d7b9187,450259,4945100,"3601 Joseph Howe Dr, Halifax, Halifax Regional Municipality, Halifax County","Halifax - Loblaw Pharmacy 379 (Joseph Howe Drive) - Pfizer","3601 Joseph Howe Dr, Halifax, NS B3L 4H8",Halifax
662f72f1-2ba3-42e0-aee7-5d7f92f09dc0,452855,4943898,"6139 Quinpool Rd, Halifax, Halifax Regional Municipality, Halifax County","Halifax - Loblaw Pharmacy 383 (Quinpool Road) - Pfizer","6139 Quinpool Rd, Halifax, NS B3L 4P6",Halifax
eee340ac-462e-4f36-9768-5249546a007a,452395,4944816,"2751 Gladstone St, Halifax, Halifax Regional Municipality, Halifax County","Halifax - Moffatts PharmaChoice (Gladstone Street) - Pfizer","2751 Gladstone St, Halifax, NS B3K 4W6",Halifax
81b00c97-aecd-4532-88e6-8b1c5cd11346,452069,4945098,"6140 Young St, Halifax, Halifax Regional Municipality, Halifax County","Halifax - Monaghan Pharmacy (Young Street) - Pfizer","Monaghan Pharmacy, 6140 Young St, Halifax, NS B3K 0G2",Halifax
71e2c8c1-b513-400b-8a8a-8fd0f2d5eaee,453102,4943036,"6199 Coburg Rd, Halifax, Halifax Regional Municipality, Halifax County","Halifax - Nova Guardian Pharmacy - Pfizer","6199 Coburg Rd, Halifax, NS B3H 1Z8",Halifax
d33c4a02-2a0d-4f72-b1b3-d4d57706856b,451864,4946222,"3530 Novalea Dr, Halifax, Halifax Regional Municipality, Halifax County","Halifax - Pharmasave North End - Pfizer","3530 Novalea Dr, Halifax, NS B3K 3E8",Halifax
511be171-bcc7-46bf-9c8d-e75b5172fda0,452597,4944308,"2510 St Matthias St, Halifax, Halifax Regional Municipality, Halifax County","Halifax - Rockingham Guardian Pharmacy (Ummah Mosque and Community Center) - Moderna","2510 St Matthias St, Halifax, NS B3L 0A9",Halifax
22117a1b-865c-4774-b544-977b04cdaa41,447268,4946742,"30 Farnham Gate Rd, Halifax, Halifax Regional Municipality, Halifax County","Halifax - Rockingham Guardian Pharmacy - Pfizer","30 Farnham Gate Rd, Halifax, NS B3M3W8",Halifax
13189498-88ac-443f-82bc-353e34ebca9d,453740,4944500,"2131 Gottingen St, Halifax, Halifax Regional Municipality, Halifax County","Halifax - Scotia Guardian Pharmacy - Pfizer","2131 Gottingen St, Halifax, NS B3K 5Z6",Halifax
7c2f2422-a576-4ce0-a21e-3a9d40ae4136,447274,4942850,"110 Chain Lake Dr, Halifax, Halifax Regional Municipality, Halifax County","Halifax - Sentrex Pharmacy - Pfizer","110 Chain Lake Dr, Halifax, NS B3S 1A9",Halifax
5b02b730-600d-431c-92d7-fa03fa3ab5a3,454425,4942913,"5595 Fenwick St, Halifax, Halifax Regional Municipality, Halifax County","Halifax - Shoppers Drug Mart 133 (Fenwick Street) - Pfizer","5595 Fenwick St, Halifax, NS B3H 4M2",Halifax
ccc96fc8-b80c-4f70-a3c6-005b1293d413,451138,4940413,"315 Herring Cove Rd, Halifax, Halifax Regional Municipality, Halifax County","Halifax - Shoppers Drug Mart 134 (Herring Cove Road) - Pfizer","315 Herring Cove Rd, Halifax, NS B3R 1V5",Halifax
ee5e5d7a-d635-4b9c-9352-d9aaae431586,448092,4945539,"278 Lacewood Dr, Halifax, Halifax Regional Municipality, Halifax County","Halifax - Shoppers Drug Mart 136 (Lacewood Drive) - Pfizer","278 Lacewood Dr, Halifax, NS B3M 3N8",Halifax
246610d9-1e9b-44ae-8b98-5d0e038fa72e,449974,4944751,"3430 Joseph Howe Dr, Halifax, Halifax Regional Municipality, Halifax County","Halifax - Shoppers Drug Mart 138 (Joseph Howe Drive) - Pfizer","3430 Joseph Howe Dr, Halifax, NS B3L 4H7",Halifax
3a1eef93-d419-45cf-8875-78b6df18a2cc,454194,4943428,"5524 Spring Garden Rd, Halifax, Halifax Regional Municipality, Halifax County","Halifax - Shoppers Drug Mart 147 (Spring Garden Road) - Pfizer","5524 Spring Garden Road, Halifax, NS B3J 1G5",Halifax
cec82baa-f631-4542-90ba-a8084953c866,450918,4943690,"6960 Mumford Rd, Halifax, Halifax Regional Municipality, Halifax County","Halifax - Shoppers Drug Mart 2002 (Mumford Road) - Pfizer","6960 Mumford Rd Unit 0115, Halifax, NS B3L 4P1",Halifax
773f79bd-f65f-4655-b28b-4b086e3f1b68,452445,4945070,"6025 Almon St, Halifax, Halifax Regional Municipality, Halifax County","Halifax - Shoppers Drug Mart 2008 (Almon Street) - Pfizer","6025 Almon St, Halifax, NS B3K 1T9",Halifax
5c2f80f8-0c56-4d12-85a1-28eb09e3411a,451101,4940630,"279 Herring Cove Rd, Halifax, Halifax Regional Municipality, Halifax County","Halifax - Sobeys Pharmacy 321 (Herring Cove Road) - Pfizer","279 Herring Cove Rd, Halifax, NS B3P 1M2",Halifax
138785dd-a2dd-4b2b-a9d5-f10ba1712068,452492,4944627,"2651 Windsor St, Halifax, Halifax Regional Municipality, Halifax County","Halifax - Sobeys Pharmacy 554 (Windsor Street) - Pfizer","2651 Windsor St, Halifax, NS B3K 5C7",Halifax
b5a82dd9-f8fd-4b6a-92a5-58e789c10b6c,454436,4942822,"1120 Queen St, Halifax, Halifax Regional Municipality, Halifax County","Halifax - Sobeys Pharmacy 574 (Queen Street) - Pfizer","1120 Queen Street, Halifax, NS B3H 2R9",Halifax
1dea7ee9-dc9c-4449-b712-9a35478a0f86,447790,4945811,"287 Lacewood Dr, Halifax, Halifax Regional Municipality, Halifax County","Halifax - Sobeys Pharmacy 644 (Lacewood Drive) - Pfizer","287 Lacewood Dr, Halifax, NS B3M 3Y7",Halifax
94c2a9ad-ae70-4bf6-9d21-1757060fcdfa,450760,4943843,"6990 Mumford Rd, Halifax, Halifax Regional Municipality, Halifax County","Halifax - Sobeys Pharmacy 881 (Mumford Road) - Pfizer","6990 Mumford Rd, Halifax, NS B3L 4P1",Halifax
61e7adbd-893b-42f7-ab8b-29c1ac91f6c9,450971,4941310,"205 Herring Cove Rd, Halifax, Halifax Regional Municipality, Halifax County","Spryfield - Spryfield Guardian Pharmacy - Pfizer","205 Herring Cove Rd, Halifax, NS B3P 1L1",Halifax
8b6974c9-de69-4cf1-af5c-8925838dec3d,449475,4945474,"70 Lacewood Dr, Halifax, Halifax Regional Municipality, Halifax County","Halifax - The Medicine Shoppe Pharmacy 262 (Lacewood Drive) - Pfizer","70 Lacewood Dr, Halifax, NS B3M 2P1",Halifax
fa885a74-f3c7-4aa6-ae65-4d7f5c82e712,452370,4943647,"6407 Quinpool Rd, Halifax, Halifax Regional Municipality, Halifax County","Halifax - The Medicine Shoppe Pharmacy 283 (Quinpool Road) - Pfizer","6407 Quinpool Rd, Halifax, NS B3L 1A7",Halifax
21204010-7ec7-476a-a0f2-0591808355ee,446468,4944847,"220 Chain Lake Dr, Halifax, Halifax Regional Municipality, Halifax County","Halifax - Walmart Pharmacy 3138 (Bayers Lake) - Pfizer","220 Chain Lake Dr, Halifax, NS B3S 1C9",Halifax
c3319730-6c6c-45a6-8430-c0a6b1423f08,437612,4953570,"2120 Hammonds Plains Rd, Hammonds Plains, Halifax Regional Municipality, Halifax County","Hammonds Plains - Hammonds Plains Pharmacy - Pfizer","2120 Hammonds Plains Rd, Hammonds Plains, NS B4B 1P3",Halifax
7a0b00ab-2407-424c-bf4a-91bc5707eba5,441581,4952485,"3 Kingswood Dr, Hammonds Plains, Halifax Regional Municipality, Halifax County","Hammonds Plains - Kingswood Guardian Pharmacy - Pfizer","3 Kingswood Drive, Unit 100, Hammonds Plains, NS B4B 0P3",Halifax
833165fd-bb16-4325-9c28-005b6a46220e,407076,4990797,"2 Main St, Hantsport, West Hants Regional Municipality, Hants County","Hantsport - Cochranes Pharmasave (Churchill House) - Pfizer","2 Main St, Hantsport, NS B0P 1P0",Hants
1fb23c08-d571-41fe-b1ae-cb7415b5f839,407122,4991030,"25 Main St, Hantsport, West Hants Regional Municipality, Hants County","Hantsport - Cochranes Pharmasave - Pfizer","25 Main St, Hantsport, NS B0P 1P0",Hants
0dcf91db-9207-4608-b81b-a71ad33cfa15,441901,4934438,"2273 Prospect Rd, Hatchet Lake, Halifax Regional Municipality, Halifax County","Hatchet Lake - Hatchet Lake Guardian Pharmacy - Pfizer","2273 Prospect Rd, Hatchet Lake, NS B3T 1S9",Halifax
95e8b3dd-58cf-4d6e-b477-2383ae325788,415085,4943081,"11 Highway 329, Hubbards, Municipality of the District of Chester, Lunenburg County","Hubbards - Hubbards Pharmasave - Pfizer","11 NS-329, Hubbards, NS B0J 1T0",Lunenburg
a26c574f-6761-476c-ade4-b7deb5b874b0,415083,4943283,"100 1 Highway 3, Hubbards, Municipality of the District of Chester, Lunenburg County","Hubbards - Loblaw Pharmacy 4194 - Pfizer","100 Nova Scotia Trunk 3, Hubbards, NS B0J 1T0",Lunenburg
174561c9-6ccb-4f5c-8c7c-70f6c6c8b756,630590,5120890,"15786 Central Ave, Inverness, Municipality of the County of Inverness, Inverness County","Inverness - Freemans Pharmacy - Pfizer","15786 Central Ave, Inverness, NS B0E 1N0",Inverness
625269a7-7a75-49ba-951f-11d896c18aa1,443304,5002811,"6202 2 Highway 354, Kennetcook, Municipality of the District of East Hants, Hants County","Kennetcook - Kennetcook Guardian Pharmacy - Pfizer","6202 NS-354, Kennetcook, NS B0N 1P0",Hants
0b814262-ba66-49ea-892b-e0dc4e3589eb,382164,4993410,"81 Exhibition St, Kentville, Town of Kentville, Kings County","Kentville - Centennial Guardian Pharmacy - Pfizer","81 Exhibition St, Kentville, NS B4N 1C2",Kings
52c2ee8e-0dab-48a5-af3e-ac62116fc497,382206,4993333,"70 Exhibition Rd, Kentville, Town of Kentville, Kings County","Kentville - Clinic Pharmacy - Pfizer","70 Exhibition St, Kentville, NS B4N 4K9",Kings
e24e96a7-2a10-49ba-aa98-0a5f4cfb1b46,382321,4992631,"363 Main St, Kentville, Town of Kentville, Kings County","Kentville - Lawtons Drugs 2555 - Pfizer","363 Main St, Kentville, NS B4N 1K7",Kings
c5dfb7a0-695f-4878-a14d-6ceebfcbca9b,382157,4992837,"100 Station Lane, Kentville, Town of Kentville, Kings County","Kentville - Wilsons Pharmasave - Pfizer","100 Station Ln, Kentville, NS B4N 0A3",Kings
964fc098-399f-4c17-aa45-60f2efb71bf8,346100,4983056,"470 Main St, Kingston, Municipality of the County of Kings, Kings County","Kingston - Loblaw Pharmacy 318 - Pfizer","470 Main St, Kingston, NS B0P 1R0",Kings
656e9ed7-5762-4f8e-8bf4-e217e8c321fb,346382,4983455,"613 Main St, Kingston, Municipality of the County of Kings, Kings County","Kingston - Valley Drug Mart Pharmasave 547 - Pfizer","613 Main St, Kingston, NS B0P 1R0",Kings
28a26da7-bff6-464a-8152-b7b5ee0a65bd,361836,4878480,"50 Milton Rd, Liverpool, Region of Queens Municipality, Queens County","Liverpool - Loblaw Pharmacy 331 - Pfizer","50 Milton Rd, Liverpool, NS B0T 1K0",Queens
6e94ce9d-d189-4cb8-8584-c1d59e72e54f,363341,4877469,"175 School St, Liverpool, Region of Queens Municipality, Queens County","Liverpool - Queens Community Clinic (Pfizer)","175 School Street, Liverpool, NS B0T 1K0",Queens
350a1a93-9bc8-4038-a18c-646fd1b4ad12,362434,4877591,"43 Henry Hensey Dr, Liverpool, Region of Queens Municipality, Queens County","Liverpool - Reynolds Pharmasave (Liverpool Legion) - Pfizer","43 Henry Hensey Dr, Liverpool, NS B0T 1K0",Queens
dfb73549-c653-42e8-839e-bd6c3e9541b4,362434,4877591,"43 Henry Hensy Dr, Liverpool, Region of Queens Municipality, Queens County","Liverpool - Reynolds Pharmasave (Liverpool Legion) - Moderna","43 Henry Hensey Dr, Liverpool, NS B0T 1K0",Queens
950b6cb3-6999-48aa-ad5f-1e05ff62607c,329720,4840571,"25 2 Beech St, Lockeport, Town of Lockeport, Shelburne County","Lockeport - Lockeport PharmaChoice - Pfizer","25b Beech St, Lockeport, NS B0T 1L0",Shelburne
d9dcf53e-cbb9-4a95-8d1b-875187d0d75c,329720,4840571,"25 1 Beech St, Lockeport, Town of Lockeport, Shelburne County","Lockeport - Lockeport PharmaChoice - Moderna","25b Beech St, Lockeport, NS B0T 1L0",Shelburne
884ebbb3-fb86-453e-9202-72a6d5f47ead,447853,4956488,"225 Cobequid Rd, Lower Sackville, Halifax Regional Municipality, Halifax County","Lower Sackville - Cobequid PharmaChoice - Pfizer","225 Cobequid Rd #8, Lower Sackville, NS B4C 3J7",Halifax
95e497a0-0530-4d8f-8ee9-8bfb95e9188c,445528,4957671,"665 Sackville Dr, Lower Sackville, Halifax Regional Municipality, Halifax County","Lower Sackville - Lawtons Drugs 2569 (Sackville Drive) - Pfizer","665 Sackville Dr, Lower Sackville, NS B4C 2S4",Halifax
908dc449-2c20-45a7-be63-f561cedea7d4,447733,4956193,"157 Cobequid Rd, Lower Sackville, Halifax Regional Municipality, Halifax County","Lower Sackville - Lawtons Drugs 895 (Cobequid Road) - Pfizer","157 Cobequid Rd, Lower Sackville, NS B4C 2N1",Halifax
1963573f-5850-4d6f-b5d9-ad439acb30a2,445320,4958054,"745 Sackville Dr, Lower Sackville, Halifax Regional Municipality, Halifax County","Lower Sackville - Loblaw Pharmacy 351 (Sackville Drive) - Pfizer","745 Sackville Dr, Lower Sackville, NS B4E 2R2",Halifax
74cec52e-71b4-4692-a659-16a24f781fb0,445134,4958065,"790 Sackville Dr, Lower Sackville, Halifax Regional Municipality, Halifax County","Lower Sackville - Shoppers Drug Mart 146 - Pfizer","766 Sackville Dr, Lower Sackville, NS B4E 1R7",Halifax
f65adc4c-123b-425b-ac4d-693bcb2ad7b1,444999,4957835,"752 Sackville Dr, Lower Sackville, Halifax Regional Municipality, Halifax County","Lower Sackville - Sobeys Pharmacy 670 (Downsview Plaza) - Pfizer","752 Sackville Dr, Lower Sackville, NS B4E 1R7",Halifax
0d7443d9-97ad-4d4c-b03e-705bec135686,447017,4958576,"80 First Lake Dr, Lower Sackville, Halifax Regional Municipality, Halifax County","Lower Sackville - Sobeys Pharmacy 788 (First Lake Drive) - Pfizer","80 First Lake Dr, Lower Sackville, NS B4C 3E4",Halifax
e40e1fd5-fe93-4b4e-860d-b6f4d86a586b,445724,4957498,"601 Sackville Dr, Lower Sackville, Halifax Regional Municipality, Halifax County","Lower Sackville - The Medicine Shoppe Pharmacy 270 - Moderna","601 Sackville Dr, Lower Sackville, NS B4C 2S4",Halifax
e21aa631-ceba-480a-91dd-2ba359615c8e,395651,4914603,"264 Lincoln St, Lunenburg, Town of Lunenburg, Lunenburg County","Lunenburg - Kinley Drug PharmaChoice - Pfizer","264 Lincoln St, Lunenburg, NS B0J 2C0",Lunenburg
e7fd7b13-befe-4ae0-ad4e-a1b5507b75c9,394444,4914411,"143 Victoria Rd, Lunenburg, Town of Lunenburg, Lunenburg County","Lunenburg - Loblaw Pharmacy 4082 - Pfizer","143 Victoria Road, Lunenburg, NS B0J 2C0",Lunenburg
0c6f0a0e-5510-442e-a544-783c0cdeb521,389701,4922510,"184 Kinburn St, Mahone Bay, Town of Mahone Bay, Lunenburg County","Mahone Bay - Kinburn Pharmasave 508 (Mahone Bay Fire Department Fire Station) - Pfizer","184 Kinburn St, Mahone Bay, NS B0J 2E0",Lunenburg
47d2fd38-aaf1-461d-bd12-e5e9f4ba517d,461348,5026661,"10655 Trunk 4, Masstown, Municipality of the County of Colchester, Colchester County","Masstown - Masstown Guardian Pharmacy - Pfizer","10655 Hwy 2, Debert, NS B0M 1G0",Colchester
a1dd5884-685d-498e-acea-1db5e5a7c191,717020,5111077,"201 107 Churchill Dr, Membertou 28B, Cape Breton Regional Municipality, Cape Breton County","Membertou - Membertou Pharmasave - Pfizer","201 Churchill Dr, Membertou, NS B1S 0H1","Cape Breton"
416d10e3-b6cf-464a-8a49-808bf3b3f695,248932,4899212,"8693 Trunk 1, Meteghan Centre, Municipality of the District of Clare, Digby County","Meteghan Centre - Clare Pharmasave - Pfizer","8693 Main Street, Meteghan Centre, NS B0W 2K0",Digby
c0f18055-0bac-4be5-b977-963e0f66c78e,488505,4987891,"12280 Highway 224, Middle Musquodoboit, Halifax Regional Municipality, Halifax County","Middle Musquodoboit - Haverstock Pharmasave - Pfizer","12280 Hwy 224, Middle Musquodoboit, NS B0N 1X0",Halifax
89c9ebbc-ff67-418a-8a2d-2dae2236a8e5,488505,4987891,"12280 Route 224, Middle Musquodoboit, Halifax Regional Municipality, Halifax County","Middle Musquodoboit - Haverstock Pharmasave - Moderna","12280 Hwy 224, Middle Musquodoboit, NS B0N 1X0",Halifax
812a8f1d-1efb-4472-9a85-e17f17ec27cc,442727,4960369,"1624 Sackville Dr, Middle Sackville, Halifax Regional Municipality, Halifax County","Middle Sackville - Middle Sackville Pharmasave - Pfizer","1624 Sackville Dr, Middle Sackville, NS B4E 3A8",Halifax
2fc83b31-fbaa-42d0-b181-2ecaf90e5bb3,336822,4978705,"26 Commercial St, Middleton, Town of Middleton, Annapolis County","Middleton - Valley Drug Mart Pharmasave - Pfizer","26 Commercial St, Middleton, NS B0S 1P0",Annapolis
52a491d2-8687-42f8-a529-3695bac62d55,469212,4950909,"4 Peter Crt, Mineville, Halifax Regional Municipality, Halifax County","Mineville - Mineville Guardian Pharmacy - Pfizer","4 Peter Ct, Mineville, NS B2Z 1K2",Halifax
9d60366c-bc6d-44cd-b04f-5c18d0275c65,434233,4971548,"654 Highway 1, Mount Uniacke, Municipality of the District of East Hants, Hants County","Mount Uniacke - Mount Uniacke Guardian Pharmacy - Pfizer","654 Nova Scotia Trunk 1, Mount Uniacke, NS B0N 1Z0",Hants
4bab075e-c3a0-42e5-95cb-d7d079340d80,488224,4959336,"7907 Trunk 7, Musquodoboit Harbour, Halifax Regional Municipality, Halifax County","Musquodoboit Harbour - Forest Hill Guardian Pharmacy - Pfizer","7907 Nova Scotia Trunk 7, Musquodoboit Harbour, NS B0J 2L0",Halifax
b9f317f0-046b-4a74-8998-91107e1cd2c0,488609,4959602,"8003 Trunk 7, Musquodoboit Harbour, Halifax Regional Municipality, Halifax County","Musquodoboit Harbour - Lawtons Drugs 145 - Pfizer","8003 Nova Scotia Trunk 7, Musquodoboit Harbour, NS B0J 2L0",Halifax
122ee2d1-b9e6-47ef-adc5-99e0071440d2,704490,5188033,"247 2 New Haven Rd, Neils Harbour, Municipality of the County of Victoria, Victoria County","Neils Harbour - Highland PharmaChoice - Pfizer","247 New Haven Rd, Neils Harbour, NS B0C 1N0",Victoria
54be588b-ab14-430c-88f8-700df29c022d,363599,4933548,"5068 Trunk 10, New Germany, Municipality of the District of Lunenburg, Lunenburg County","New Germany - Shoppers Drug Mart 144 - Pfizer","5068 Nova Scotia Trunk 10, New Germany, NS B0R 1E0",Lunenburg
f1c85f63-aee1-429c-b893-1ad9e93512f6,527945,5046722,"810 East River Rd, New Glasgow, Town of New Glasgow, Pictou County","New Glasgow - Lawtons Drugs 2563 - Pfizer","810 E River Rd, New Glasgow, NS B2H 3S3",Pictou
b9e2ae80-e78f-481e-aa45-6c378c2eb137,526513,5047446,"394 Westville Rd, New Glasgow, Town of New Glasgow, Pictou County","New Glasgow - Loblaw Pharmacy 368 - Pfizer","394 Westville Rd, New Glasgow, NS B2H 2Y7",Pictou
21b0bc37-f9a9-4201-b97b-f6c57b870f04,527960,5046414,"912 East River Rd, New Glasgow, Town of New Glasgow, Pictou County","New Glasgow - Shoppers Drug Mart 140 - Pfizer","912 E River Rd, New Glasgow, NS B2H 3S8",Pictou
88585a03-2d17-43bf-a241-6f951dbc1965,528070,5047232,"610 East River Rd, New Glasgow, Town of New Glasgow, Pictou County","New Glasgow - Sobeys Pharmacy 370 (East River Road) - Pfizer","610 E River Rd, New Glasgow, NS B2H 3S2",Pictou
d4acd9ce-5e4d-420c-974d-4a0d2609abf9,527370,5048712,"38 1 George St, New Glasgow, Town of New Glasgow, Pictou County","New Glasgow - Sobeys Pharmacy 652 (George Street) - Pfizer","38 George St, New Glasgow, NS B2H 2K1",Pictou
0e0e8af5-edf1-4a9a-a266-3694039ea3a5,527851,5047443,"526 1 East River Rd, New Glasgow, Town of New Glasgow, Pictou County","New Glasgow - The Medicine Shoppe Pharmacy 172- Pfizer","526A E River Rd, New Glasgow, NS B2H 3R6",Pictou
8fa332f0-71fe-4393-8a8d-64dff9561a0a,525732,5047464,"713 Westville Rd, Westville Road, Municipality of the County of Pictou, Pictou County","New Glasgow - Walmart Pharmacy 3061 - Pfizer","713 Westville Rd, New Glasgow, NS B2H 2J6",Pictou
235f2c01-cfa1-431c-988c-149fbcf93f4a,386635,4991710,"20 2 Silver Fox Ave, New Minas, Municipality of the County of Kings, Kings County","New Minas - Lawtons Drugs 2561 - Pfizer","20 Silver Fox Ave, New Minas, NS B4N 0E4",Kings
7e372804-1c42-46c3-92d0-3b32f669289b,386635,4991710,"20 1 Silver Fox Ave, New Minas, Municipality of the County of Kings, Kings County","New Minas - Lawtons Drugs 2561 - Moderna","20 Silver Fox Ave, New Minas, NS B4N 0E4",Kings
4b76975f-ea50-4124-8e8a-ec2f9b493ebd,385381,4991407,"9064 Commercial St, New Minas, Municipality of the County of Kings, Kings County","New Minas - Loblaw Pharmacy 344 - Pfizer","9064 Commercial St, New Minas, NS B4N 3E4",Kings
93b90051-46fb-454b-95de-b0e3c51efe4a,387129,4992185,"9453 Trunk 1, New Minas, Municipality of the County of Kings, Kings County","New Minas (Baptist Church) -- COVID-19 Clinic","New Minas Baptist Church, 9453 Commercial Street, New Minas, B4N 3G3",Kings
b174255a-9474-45b1-ac69-1cce71f9bd5e,384233,4991633,"21 240 Roy Ave, New Minas, Municipality of the County of Kings, Kings County","New Minas - New Minas PharmaChoice - Pfizer","Valley Crossroads Health & Wellness Center, 21 Roy Ave Suite 110, New Minas, NS B4N 3R7",Kings
bb2dd834-3de6-41fc-9b13-732c33fa89ca,386440,4991343,"9256 Commercial St, New Minas, Municipality of the County of Kings, Kings County","New Minas - Sobeys Pharmacy 747 - Pfizer","9256 Commercial St, New Minas, NS B4N 4A9",Kings
1bf623d3-bcc5-4612-ad29-9eb5f99de5c4,385680,4991658,"9121 Commercial St, New Minas, Municipality of the County of Kings, Kings County","New Minas - Walmart Pharmacy 3738 - Pfizer","9121 Commercial St, New Minas, NS B4N 3E6",Kings
79f8a721-048f-41a1-a49a-c4fc2946642e,724351,5125870,"3461 Plummer Ave, New Waterford, Cape Breton Regional Municipality, Cape Breton County","New Waterford - Black Diamond Pharmacy (Old Versatile Video Building) - Pfizer","3461 Plummer Avenue, New Waterford, NS B1H 1Z5","Cape Breton"
0503e08e-8f2f-403a-8812-643f891f27c1,724523,5125878,"3415 Plummer Ave, New Waterford, Cape Breton Regional Municipality, Cape Breton County","New Waterford - Lawtons Drugs 118 - Pfizer","3415 Plummer Ave, New Waterford, NS B1H 1Z2","Cape Breton"
29fb0862-bdf9-4153-9c9c-a15ecd9ce4ff,724469,5125925,"3435 Plummer Ave, New Waterford, Cape Breton Regional Municipality, Cape Breton County","New Waterford - Midtown Pharmasave - Pfizer","3435 Plummer Ave, New Waterford, NS B1H 1Z4","Cape Breton"
83348345-248d-4052-acd6-b4f6c37e3d94,711158,5121560,"121 King St, North Sydney, Cape Breton Regional Municipality, Cape Breton County","North Sydney - Loblaw Pharmacy 321 - Pfizer","125 King St, North Sydney, NS B2A 3S1","Cape Breton"
985ae8e1-89fe-4c9e-8678-c543577c36b3,711205,5121489,"107 King St, North Sydney, Cape Breton Regional Municipality, Cape Breton County","North Sydney - Pharmasave North Sydney 827 - Pfizer","107 King St, North Sydney, NS B2A 3S1","Cape Breton"
604f56fe-989b-4b80-95f7-09c5f1a9ac94,711082,5121633,"131 King St, North Sydney, Cape Breton Regional Municipality, Cape Breton County","North Sydney - Shoppers Drug Mart 148 - Pfizer","131 King St, North Sydney, NS B2A 3S1","Cape Breton"
4741f0e1-5ef1-4b77-98a4-c23e7df723a1,710939,5121459,"116 King St, North Sydney, Cape Breton Regional Municipality, Cape Breton County","North Sydney - Sobeys Pharmacy 510 - Pfizer","116 King St, North Sydney, NS B2A 3R7","Cape Breton"
f930b7ed-5add-4297-b39b-3c185eae5355,396169,5028685,"187 A Main St, Parrsboro, Municipality of the County of Cumberland, Cumberland County","Parrsboro - Wrights Pharmasave - Pfizer","187 Main St, Parrsboro, NS B0M 1S0",Cumberland
7afbf533-f790-41e3-9592-0ce86e6497de,522643,5058041,"14 Kempt St, Pictou, Town of Pictou, Pictou County","Pictou - Fulmores PharmaChoice - Pfizer","14 Kempt St, Pictou, NS B0K 1H0",Pictou
15f1ceef-92a7-434e-8dca-dc3f44e26790,522513,5058049,"66 Caladh Ave, Pictou, Town of Pictou, Pictou County","Pictou - Pictou Pharmasave (New Caledonia Curling Club) - Pfizer","66 Caladh Ave, Pictou, NS B0K 1H0",Pictou
6eb431c2-d745-4f55-aa29-7b6703ade2dd,522563,5058075,"33 Water St, Pictou, Town of Pictou, Pictou County","Pictou - Pictou Pharmasave (Water Street) - Pfizer","33 Water St, Pictou, NS B0K 1H0",Pictou
374fb4fb-1d04-4b43-9d44-81f616922039,507510,5033666,"239 West River East Side Rd, West River Station, Municipality of the County of Pictou, Pictou County","Pictou - Sobeys Pharmacy 232 - Moderna","239 W River Rd, Pictou, NS B0K 1H0",Pictou
b5760f66-01a4-40e2-ae4f-275f09b77232,477528,4954548,"5228 Highway 7, Porters Lake, Halifax Regional Municipality, Halifax County","Porters Lake - Lawtons Drugs 2576 - Pfizer","5228 Highway 7, Unit 17, Porters Lake, NS B3E 1J8",Halifax
fe558816-70ef-4d3b-8e80-e0d0a6c9cee2,477715,4954439,"5240 Highway 7, Porters Lake, Halifax Regional Municipality, Halifax County","Porters Lake - Loblaw Pharmacy 367 - Pfizer","5240 Nova Scotia Trunk 7, Porters Lake, NS B3E 1J7",Halifax
f4ebcb00-dc5b-44e2-8b6a-3edaeafd1bfe,628438,5052775,"634 1 Reeves St, Port Hawkesbury, Town of Port Hawkesbury, Inverness County","Port Hawkesbury - Shoppers Drug Mart 153 - Pfizer","634 Reeves St #19, Port Hawkesbury, NS B9A 2R7",Inverness
97ca5e9c-9995-4a46-9560-27fbd64d2e09,628438,5052775,"634 6 Reeves St, Port Hawkesbury, Town of Port Hawkesbury, Inverness County","Port Hawkesbury - Shoppers Drug Mart 153 - Moderna","634 Reeves St #19, Port Hawkesbury, NS B9A 2R7",Inverness
7cabce9e-e27f-453d-8d4a-c22a9cf3833b,628615,5052611,"708 B Reeves St, Port Hawkesbury, Town of Port Hawkesbury, Inverness County","Port Hawkesbury - The Medicine Shoppe Pharmacy 288 - Pfizer","708 Reeves St #5, Port Hawkesbury, NS B9A 2S1",Inverness
8f5f305c-9687-4791-8e4d-02f9b556faad,629874,5052774,"47 17 Paint St, Port Hawkesbury, Town of Port Hawkesbury, Inverness County","Port Hawkesbury - Walmart Pharmacy 3068 - Pfizer","47 Paint St #17, Port Hawkesbury, NS B9A 3J9",Inverness
ea22c4a0-6bf6-46df-a718-8a064c6b77d9,448850,5077817,"79 Church St, Pugwash, Municipality of the County of Cumberland, Cumberland County","Pugwash - OBriens PharmaChoice (St Thomas More Church Hall) - Pfizer","79 Church St, Pugwash, NS B0K 1L0",Cumberland
3b32d53a-979d-4aba-80b1-c1d9d9a48ea2,495402,5066332,"32 School St, River John, Municipality of the County of Pictou, Pictou County","River John - CG Fulton Guardian Pharmacy (River John Fire Hall) - Pfizer","32 School St, River John, NS B0K 1N0",Pictou
3dc2ebb1-7e4d-4206-a83a-9b44d1313db2,250186,4905369,"9999 Highway 1, Saulnierville, Municipality of the District of Clare, Digby County","Saulnierville - Saulnierville PharmaChoice - Pfizer","9999 Nova Scotia Trunk 1, Saulnierville, NS B0W 2Z0",Digby
2901a822-d151-4bb0-b3bf-5d1ed48a95a3,536754,4974220,"22624 Trunk 7, Sheet Harbour, Halifax Regional Municipality, Halifax County","Sheet Harbour - Lawtons Drugs 162 - Pfizer","22624 Nova Scotia Trunk 7, Sheet Harbour, NS B0J 3B0",Halifax
37b8da31-47da-46a6-8836-027b2f4c7622,313971,4848509,"115 King St, Shelburne, Town of Shelburne, Shelburne County","Shelburne - Lawtons Drugs 133 - Pfizer","115 King St, Shelburne, NS B0T 1W0",Shelburne
3da1c1fc-3ac8-4b5e-9cac-adc6c2e85b4f,314765,4849051,"415 Woodlawn Dr, Woodlawn, Municipality of the District of Shelburne, Shelburne County","Shelburne (Shelburne Regional High School) -- COVID-19 Community Clinic","Shelburne Regional High School, Shelburne, NS B0T 1W0",Shelburne
4055baa2-6750-4a68-bb16-f473b089bfe3,312958,4848153,"157 Water St, Shelburne, Town of Shelburne, Shelburne County","Shelburne - TLC Pharmasave (Enterprise Square) - Moderna","157 Water St, Shelburne, NS B0T 1W0",Shelburne
9ccfc281-f3a8-493b-87ac-276fc7610cc9,313494,4848340,"63 King St, Shelburne, Town of Shelburne, Shelburne County","Shelburne - TLC Pharmasave (Shelburne Fire Hall) - Pfizer","63 King St, Shelburne, NS B0T 1W0",Shelburne
b9880e49-9d31-4256-9b88-4c4d48a4f6d4,579926,4999230,"14 Main St, Sherbrooke, Municipality of the District of St. Mary's, Guysborough County","Sherbrooke - Shoppers Drug Mart 159 - Pfizer","14 Main St, Sherbrooke, NS B0J 3C0",Guysborough
f632d932-f0b2-47c5-ad2d-2ce7b1b56864,467892,4992636,"2815 Trunk 2, Shubenacadie, Municipality of the District of East Hants, Hants County","Shubenacadie - Shubenacadie Guardian Pharmacy - Pfizer","2815 Nova Scotia Trunk 2, Shubenacadie, NS B0N 2H0",Hants
fb925c9c-741e-4fff-9985-2e5386156fe7,417195,5055473,"6 Main St, Springhill, Municipality of the County of Cumberland, Cumberland County","Springhill - Ross Anderson Pharmacy (Dr Carson and Marion Murray Community Centre) - Pfizer","6 Main St, Springhill, NS B0M 1X0",Cumberland
d899fd3f-1f77-43cf-ad08-8fce5b1583b0,417501,5055753,"64 Main St, Springhill, Municipality of the County of Cumberland, Cumberland County","Springhill - Springhill Community Guardian Pharmacy - Pfizer","64 Main St Springhill, NS B0M 1X0",Cumberland
4afcfb83-7b2d-42f5-b7ab-91eec767da1f,526517,5045221,"242 Foord St, Stellarton, Town of Stellarton, Pictou County","Stellarton - Medical Hall Pharmasave (First Presbyterian Church) - Pfizer","First Presbyterian Church Office & Hall, 242 S Foord St, Stellarton, NS B0K 0A2",Pictou
73d22c5b-39db-42ed-9895-fa33e53c15e9,526503,5045009,"266 Foord St, Stellarton, Town of Stellarton, Pictou County","Stellarton - Pharmacy First Ltd - Pfizer","266 S Foord St, Stellarton, NS B0K 1S0",Pictou
3862c76b-5c76-4852-b34f-717eac131c02,472336,4998381,"49 Riverside Ave, Stewiacke, Town of Stewiacke, Colchester County","Stewiacke - Stewiacke Guardian Pharmacy - Pfizer","49 Riverside Ave, Stewiacke, NS B0N 2J0",Colchester
1c298390-4789-4420-8454-1fd5e76606c3,665682,5058036,"10004 1 Grenville St, St. Peter's, Municipality of the County of Richmond, Richmond County","St Peters - Foodland Pharmacy - Pfizer","10004 Grenville St, St. Peter's, NS B0E 3B0",Richmond
0129a177-a9ce-4a73-9221-1542f77213cc,665721,5057992,"22 Toulouse St, St. Peter's, Municipality of the County of Richmond, Richmond County","St Peters - MacDonnell Guardian Pharmacy (St Peters Fire Hall) - Pfizer","22 Toulouse St, St. Peter's, NS B0E 3B0",Richmond
9ff733a4-8098-40bc-a591-a229c6966cd2,724346,5117087,"1250 Grand Lake Rd, Grand Lake Road, Cape Breton Regional Municipality, Cape Breton County","Sydney Area -- COVID-19 Community Clinic",,"Cape Breton"
fd35c3e2-bc4d-4edd-8e86-9a6806fb4bec,709968,5105325,"2372 Kings Rd, Sydney Forks, Cape Breton Regional Municipality, Cape Breton County","Sydney Forks - Meadows Pharmasave - Pfizer","2372 Kings Rd, Sydney Forks, NS B1L 1C1","Cape Breton"
a4d5f9b3-cea4-4a67-b9c3-e22e2fd96efb,718248,5110537,"45 Weatherbee Rd, Mira Road, Cape Breton Regional Municipality, Cape Breton County","Sydney - HealthPark Pharmasave - Pfizer","45 Weatherbee Rd, Sydney, NS B1K3L1","Cape Breton"
46190448-f974-410f-86c6-17577793f537,716850,5112960,"540 George St, Sydney, Cape Breton Regional Municipality, Cape Breton County","Sydney - Lawtons Drugs 150 (George Street) - Pfizer","540 George St, Sydney, NS B1P 1K7","Cape Breton"
3d3f3db5-a8a8-4e16-99bc-9af07b4f998e,719098,5113850,"332 Welton St, Sydney, Cape Breton Regional Municipality, Cape Breton County","Sydney - Loblaw Pharmacy 6802 (Welton Street) - Pfizer","348 Welton St, Sydney, NS B1P 5S4","Cape Breton"
6b499b21-d018-4b7b-8c4b-ebe3ec5018b4,713604,5124704,"772 Main St, Sydney Mines, Cape Breton Regional Municipality, Cape Breton County","Sydney Mines - Capital Drugs Ltd PharmaChoice - Pfizer","772 Main Street, Sydney Mines, NS B1V 2L6","Cape Breton"
4b529f21-390f-4909-a2d0-e06f01f90fdc,713762,5124678,"746 Main St, Sydney Mines, Cape Breton Regional Municipality, Cape Breton County","Sydney Mines - Sextons Pharmasave - Pfizer","746 Main St, Sydney Mines, NS B1V 2L2","Cape Breton"
2a07c194-7581-413c-a754-a18475cdf33b,716711,5113151,"351 Charlotte St, Sydney, Cape Breton Regional Municipality, Cape Breton County","Sydney - Pharmasave Charlotte Street - Pfizer","351 Charlotte St, Sydney, NS B1P 1E1","Cape Breton"
77495831-b55b-442d-8d0a-2c15c18e0c34,717443,5115321,"814 Victoria Rd, Sydney, Cape Breton Regional Municipality, Cape Breton County","Sydney - Pier Pharmasave (Victoria Road) - Pfizer","814 Victoria Rd, Sydney, NS B1N 1J7","Cape Breton"
951cbf4b-acf3-450f-9804-13bf465ef069,714582,5109782,"1251 Kings Rd, Sydney River, Cape Breton Regional Municipality, Cape Breton County","Sydney River - Loblaw Pharmacy 373 - Pfizer","1224 Kings Rd, Sydney River, NS B1S 1E1","Cape Breton"
e0a8d1b2-6483-497d-a125-560b51f649ad,714641,5110014,"1174 Kings Rd, Sydney River, Cape Breton Regional Municipality, Cape Breton County","Sydney River - Shoppers Drug Mart 149 - Pfizer","1174 Kings Rd, Sydney, NS B1S 1C9","Cape Breton"
c6149bd4-ed53-4c11-bfd3-418d95fab1de,714328,5110070,"95 Keltic Dr, Sydney River, Cape Breton Regional Municipality, Cape Breton County","Sydney River - Sobeys Pharmacy 630 - Pfizer","95 Keltic Dr, Sydney, NS B1S 1P4","Cape Breton"
fca8b207-8fa4-4461-bf68-5bcfa6ceee19,714359,5109971,"65 Keltic Dr, Sydney River, Cape Breton Regional Municipality, Cape Breton County","Sydney River - Walmart Pharmacy 3100 (Keltic Drive) - Pfizer","65 Keltic Dr, Sydney River, NS B1S 1P4","Cape Breton"
52b86203-d391-41a6-b4d7-db3e06b137bd,717291,5113209,"254 Prince St, Sydney, Cape Breton Regional Municipality, Cape Breton County","Sydney - Shoppers Drug Mart 150 (Sydney Shopping Centre) - Pfizer","254 Prince St A015, Sydney, NS B1P 5K6","Cape Breton"
14d57da7-9598-442a-a03e-556e94b92517,717399,5113237,"270 Prince St, Sydney, Cape Breton Regional Municipality, Cape Breton County","Sydney - Sobeys Pharmacy 728 - Pfizer","272 Prince St, Sydney, NS B1P 5K6","Cape Breton"
77e207d8-62b8-46bf-8898-1f10695c3303,716325,5111785,"336 Kings Rd, Sydney, Cape Breton Regional Municipality, Cape Breton County","Sydney - The Medicine Shoppe Pharmacy 229 (Kings Road) - Pfizer","336 Kings Road, Suite 101, Sydney NS, B1S1A9","Cape Breton"
49e2430d-6ed5-4b2c-8a6c-a95c6dfe0694,719011,5113886,"288 Welton St, Sydney, Cape Breton Regional Municipality, Cape Breton County","Sydney - The Medicine Shoppe Pharmacy 258 (Welton Street) - Pfizer","288 Welton St Unit A, Sydney, NS B1P 5S4","Cape Breton"
b2e1778d-b8f2-4023-96a7-2328cbca30b6,720206,5114811,"80 Sydney Port Access Rd, Grand Lake Road, Cape Breton Regional Municipality, Cape Breton County","Sydney - Walmart Pharmacy 3101 (Sydney Port Access Road) - Pfizer","80 Sydney Port Access Rd, Sydney, NS B1P 7H9","Cape Breton"
1c0d0e38-e9a3-4800-8516-0285b1acb5db,477154,5062155,"202 Main St, Tatamagouche, Municipality of the County of Colchester, Colchester County","Tatamagouche - CG Fulton Guardian Pharmacy (Tatamagouche Fire Hall) - Pfizer","202 Main St, Tatamagouche, NS B0K 1V0",Colchester
e6fb818d-3972-41ae-ac65-0ca00b65effb,443154,4942881,"65 Marketway Lane, Timberlea, Halifax Regional Municipality, Halifax County","Timberlea - Sobeys Pharmacy 329 - Pfizer","65 Marketway Ln, Timberlea, NS B3T 0J5",Halifax
d09aa372-579e-4641-b527-cd5e778caf36,443551,4943736,"1800 St Margarets Bay Rd, Timberlea, Halifax Regional Municipality, Halifax County","Timberlea - Timberlea Guardian Pharmacy - Pfizer","1800 St Margarets Bay Rd, Timberlea, NS B3T 1B8",Halifax
81f2f62b-be6b-49bf-9d03-b3bc6750c816,528213,5051001,"81 High St, Trenton, Town of Trenton, Pictou County","Trenton - Trenton Pharmasave 841 (First United Church Hall) - Pfizer","81 High St, Trenton, NS B0K 1X0",Pictou
55fc757b-052e-49a5-a3c6-6b912e51193d,528832,5052197,"75 Park Rd, Trenton, Town of Trenton, Pictou County","Trenton - Trenton Pharmasave (Trenton Rink Annex) - Pfizer","75 Park Rd, Trenton, NS B0K 1X0",Pictou
037795c0-b9fe-4992-8fb3-04ffdf45a52d,528180,5050931,"138 Main St, Trenton, Town of Trenton, Pictou County","Trenton - Trenton Pharmasave 841 - Pfizer","138 Main St, Trenton, NS B0K 1X1",Pictou
2a60b2fb-4e61-4734-961b-67eac966da02,478883,5024319,"8 Pictou Rd, Bible Hill, Municipality of the County of Colchester, Colchester County","Truro - Fraser Guardian Pharmacy - Pfizer","8 Pictou Rd, Truro, NS B2N 2R8",Colchester
a41df1d8-f5ff-4957-abff-d687973b8d7a,476895,5022366,"316 Willow St, Truro, Town of Truro, Colchester County","Truro - Lawtons Drugs 875 (Willow Street) - Pfizer","316 Willow St, Truro, NS B2N 5A4",Colchester
21a087df-a6da-41bd-b3f8-710b75f93ff1,477404,5023814,"46 Elm St, Truro, Town of Truro, Colchester County","Truro - Loblaw Pharmacy 336 - Pfizer","46 Elm St, Truro, NS B2N 3H6",Colchester
10a43562-4a49-4f19-ae77-7a19a043b727,478534,5023444,"910 Prince St, Truro, Town of Truro, Colchester County","Truro - MacQuarries Pharmasave 512 - Pfizer","910 Prince St, Truro, NS B2N 1H5",Colchester
9694cb48-2010-42e1-8369-87a4da33eb7f,477405,5022948,"36 Arthur St, Truro, Town of Truro, Colchester County","Truro -- COVID-19 Community Clinic","NSCC Truro Campus, McCarthy Hall, 36 Arthur St, Truro, NS B2N 1X5",Colchester
c3ffef1f-e721-43f7-9d4e-f38ccfd18bf1,475770,5023855,"106 Robie St, Lower Truro, Municipality of the County of Colchester, Colchester County","Truro - Shoppers Drug Mart 152 - Pfizer","106 Robie St, Truro, NS B2N 1L1",Colchester
ee54768e-1133-4fa1-80a4-74d62e920761,475491,5023678,"68 Robie St, Lower Truro, Municipality of the County of Colchester, Colchester County","Truro - Sobeys Pharmacy 594 (Robie Street) - Pfizer","68 Robie St, Truro, NS B2N 1L2",Colchester
20392328-ebb2-4973-8693-12f945a6e4cd,478752,5023577,"985 Prince St, Truro, Town of Truro, Colchester County","Truro - Sobeys Pharmacy 871 (Prince Street) - Pfizer","985 Prince St, Truro, NS B2N 1H7",Colchester
83dcd9bc-92d8-4428-bcd9-07e2161650db,477054,5022275,"339 Willow St, Truro, Town of Truro, Colchester County","Truro - The Medicine Shoppe Pharmacy 177 (Willow Street) - Pfizer","339 Willow St, Truro, NS B2N 5A6",Colchester
f79fb291-def6-4a87-b4c5-380d2162a115,476280,5024197,"245 Robie St, Truro, Town of Truro, Colchester County","Truro - The Medicine Shoppe Pharmacy 339 (Robie Street) - Pfizer","245 Robie St B2, Truro, NS B2N 5N6",Colchester
b3ac2139-70bd-4b6c-80ee-1c20dbdc12ed,476019,5022222,"140 Wade Rd, Truro, Town of Truro, Colchester County","Truro - Walmart Pharmacy 3184 - Pfizer","140 Wade Rd, Truro, NS B2N 7H3",Colchester
ed90c140-7ede-41a6-8d33-0a8c2f49655f,477618,5023559,"510 Prince St, Truro, Town of Truro, Colchester County","Truro - West End Family PharmaChoice - Pfizer","510 Prince St, Truro, NS B2N 1G1",Colchester
282929ce-acb9-423a-95cf-ae0767eeb008,430621,4948360,"5110 St Margarets Bay Rd, Upper Tantallon, Halifax Regional Municipality, Halifax County","Upper Tantallon - Lawtons Drugs 2551 - Pfizer","5110 St Margarets Bay Rd Unit 101, Upper Tantallon, NS B3Z 1E2",Halifax
0bda0eb5-5d10-494e-8a28-8b1702dfad45,430312,4948525,"5178 St Margarets Bay Rd, Upper Tantallon, Halifax Regional Municipality, Halifax County","Upper Tantallon - Loblaw Pharmacy 313 - Pfizer","5178 St Margaret's Bay Rd, Upper Tantallon, NS B3Z 4G3",Halifax
a870a30c-a411-484b-8459-c0d6fa3fba12,431957,4950433,"3650 Hammonds Plains Rd, Upper Tantallon, Halifax Regional Municipality, Halifax County","Upper Tantallon - Sobeys Pharmacy 684 - Pfizer","3650 Hammonds Plains Rd, Upper Tantallon, NS B3Z 4R3",Halifax
bd7d5083-d3e1-4ae1-8f1a-8ad5f34d0c17,431957,4950433,"3650 Route 213, Upper Tantallon, Halifax Regional Municipality, Halifax County","Upper Tantallon - Sobeys Pharmacy 684 (Hammonds Plains Road) - Moderna","3650 Hammonds Plains Rd, Upper Tantallon, NS B3Z 4R3",Halifax
45c4a9ed-ef16-4596-854a-518c7c0eeb4d,430209,4948675,"5216 St Margarets Bay Rd, Upper Tantallon, Halifax Regional Municipality, Halifax County","Upper Tantallon - Tantallon Pharmasave - Pfizer","5216 Saint Margaret's Bay Road, Upper Tantallon, NS B3Z 0P3",Halifax
37b448b4-86df-48dc-8354-0ddbe10c7212,432111,4950434,"3622 Hammonds Plains Rd, Upper Tantallon, Halifax Regional Municipality, Halifax County","Upper Tantallon - The Medicine Shoppe Pharmacy 392 - Pfizer","3622 Hammonds Plains Rd #2, Upper Tantallon, NS B3Z 4R2",Halifax
eef6350f-078a-44b4-9fb5-16c65f867e85,452066,4958400,"2234 Rocky Lake Dr, Waverley, Halifax Regional Municipality, Halifax County","Waverley - Fall River Guardian Pharmacy (Royal Canadian Legion Waverley) - Moderna","2234 Rocky Lake Dr, Waverley, NS B2R 1R4",Halifax
28f0c858-2050-43e7-8aac-364a9a049c03,274221,4838244,"966 Highway 335, West Pubnico, Municipality of the District of Argyle, Yarmouth County","West Pubnico - West Pubnico Pharmasave - Pfizer","966, NS-335, West Pubnico, NS B0W 3S0",Yarmouth
9aef0b0a-e2c2-4861-b1d1-ca13e7c2f688,522356,5045108,"1886 Main St, Westville, Town of Westville, Pictou County","Westville - Lawtons Drugs 879 - Pfizer","1886 N Main St, Westville, NS B0K 2A0",Pictou
9fe9ed5c-5fef-4312-be85-4a999b248138,259818,4921914,"4079 Evangeline Trail, St. Bernard, Municipality of the District of Clare, Digby County","Weymouth (St Marys Bay Academy) -- COVID -19 Community Clinic","4079 Evangeline Trail, Weymouth, NS B0W 3T0",Digby
4732f58c-90de-4bb4-99e3-abf28e8a9614,261353,4921705,"4575 Trunk 1, Weymouth, Municipality of the District of Digby, Digby County","Weymouth - Weymouth Pharmasave 580 (Sissiboo Landing) - Pfizer","4575 Nova Scotia Highway 1, Weymouth, NS B0W 3T0",Digby
5ee7e970-9b90-413f-bd4c-6437b55ded50,261346,4921678,"4577 Trunk 1, Weymouth, Municipality of the District of Digby, Digby County","Weymouth - Weymouth Pharmasave 580 (Weymouth Waterfront Library) - Pfizer","4577 Nova Scotia Trunk 1, Weymouth, NS B0W 3T0",Digby
50d384f3-db0d-459a-b4bb-d3d2c506278b,261353,4921705,"4575 Highway 1, Weymouth, Municipality of the District of Digby, Digby County","Weymouth - Weymouth Pharmasave 580 (Sissaboo Landing) - Moderna","4575 Highway 1 Weymouth, NS B0W3T0",Digby
7bf2e6fa-ab7f-433e-8f77-15611ce1d325,645329,5092966,"25 MacKeigans Lane, Whycocomagh, Municipality of the County of Inverness, Inverness County","Whycocomagh - MacKeigans Guardian Pharmacy - Pfizer","25 Mackeigans Ln, Whycocomagh, NS B0E 3M0",Inverness
f21772b3-575a-4793-97b6-33eab15705a5,410995,4982597,"25 Wentworth Rd, Windsor, West Hants Regional Municipality, Hants County","Windsor - Lawtons Drugs 119 - Pfizer","25 Wentworth Rd, Windsor, NS B0N 2T0",Hants
91d0bae8-7d5c-46ac-9334-fa66bcd9864e,412265,4982300,"11 Cole Dr, Windsor, West Hants Regional Municipality, Hants County","Windsor - Loblaw Pharmacy 377 - Pfizer","11 Cole Dr, Windsor, NS B0N 2T0",Hants
20a3254b-0ceb-409a-bb4a-f353a45b02b6,411120,4982878,"50 Empire Lane, Windsor, West Hants Regional Municipality, Hants County","Windsor - Sobeys Pharmacy 672 - Pfizer","50 Empire Ln, Windsor, NS B0N 2T0",Hants
f64df4ee-e76e-4a88-9e82-f455addfd939,410282,4982989,"48 Gerrish St, Windsor, West Hants Regional Municipality, Hants County","Windsor - Windsor Pharmasave (Avon Medical Clinic) - Pfizer","48 Gerrish St, Windsor, NS B0N 2T0",Hants
dcaa92a2-5465-4842-b1d7-7843b3b6927d,392626,4994225,"36 Elm Ave, Wolfville, Town of Wolfville, Kings County","Wolfville - Cochranes Pharmasave (Wolfville Lions Club) - Pfizer","36 Elm Ave, Wolfville, NS B4P 1Z9",Kings
e72be2cc-663c-4f80-bfef-57f16cf3f6a8,392827,4993973,"433 Main St, Wolfville, Town of Wolfville, Kings County","Wolfville - Shoppers Drug Mart 158 - Pfizer","433 Main St, Wolfville, NS B4P 1E1",Kings
53285406-f2d7-4c2b-bcd9-8eb4d394ccc9,249185,4858481,"369 Main St, Yarmouth, Town of Yarmouth, Yarmouth County","Yarmouth - City Drug Store PharmaChoice - Pfizer","369 Main St, Yarmouth, NS B5A 1E7",Yarmouth
5ac1890a-c447-448d-b9ff-e8679844c46f,249163,4858110,"235 Main St, Yarmouth, Town of Yarmouth, Yarmouth County","Yarmouth - Harbour South Pharmasave - Pfizer","235 Main St, Yarmouth, NS B5A 1E1",Yarmouth
fd8c7298-fb12-4790-adf7-5cb12527c936,250372,4859321,"76 Starrs Rd, Yarmouth, Town of Yarmouth, Yarmouth County","Yarmouth - Lawtons Drugs 169 - Pfizer","76 Starrs Rd, Yarmouth, NS B5A 2T5",Yarmouth
85f7d429-a2a9-456e-99a3-3bb693b5ed92,250748,4859284,"104 Starrs Rd, Yarmouth, Town of Yarmouth, Yarmouth County","Yarmouth - Loblaw Pharmacy 372 - Pfizer","104 Starrs Rd, Yarmouth, NS B5A 2T5",Yarmouth
4408f345-42ab-42bb-a870-3ea00359e01d,249098,4860009,"60 Vancouver St, Yarmouth, Town of Yarmouth, Yarmouth County","Ocean View Family Practice and Dalhousie Medical Education Unit (Pfizer)","60 Vancouver St, Yarmouth, NS, B5A2P5",Yarmouth
dc895caa-2db2-4ddc-bafe-ca54ec1ec43d,250084,4859410,"56 Starrs Rd, Yarmouth, Town of Yarmouth, Yarmouth County","Yarmouth - Shoppers Drug Mart 155 - Pfizer","56 Starrs Rd, Yarmouth, NS B5A 2T4",Yarmouth
f2252e5f-cc0c-4359-8a69-9a640ec7d40f,249181,4858393,"333 Main St, Yarmouth, Town of Yarmouth, Yarmouth County","Yarmouth - Spears and MacLeod Pharmasave - Pfizer","333 Main St, Yarmouth, NS B5A 1E5",Yarmouth
d05daf9d-6bdd-4df5-a8c6-7fa039f6e498,250995,4859390,"108 Starrs Rd, Yarmouth, Town of Yarmouth, Yarmouth County","Yarmouth - Walmart Pharmacy 1016 - Pfizer","108 Starrs Rd, Yarmouth, NS B5A 2T5",Yarmouth
,,,,,,NULL
